average_reward,epsilon
-36.18958983425472,0.9309999999999999
-34.847921512472126,0.91238
-34.39572340512576,0.8941323999999999
