average_reward,epsilon
-35.89202396183828,0.9309999999999999
-35.52151224154361,0.91238
-34.03243009180473,0.8941323999999999
-32.01173286412378,0.8762497519999999
