average_reward,epsilon
-35.89202396183828,0.9309999999999999
